{
  "1": {"diameter": 64.0944, "max_x": 25.5, "max_y": 22.639, "max_z": 10.759, "min_x": -25.5, "min_y": -22.639, "min_z": -10.759, "size_x": 51, "size_y": 45.278, "size_z": 21.518},
  "2": {"diameter": 51.4741, "max_x": 25.4979, "max_y": 23.0174, "max_z": 8, "min_x": -25.4979, "min_y": -23.0174, "min_z": -8, "size_x": 50.9959, "size_y": 46.0347, "size_z": 16, "symmetries_discrete": [[-0.5, -0.866025, 0, 4.62856, 0.866025, -0.5, 0, 8.0169, 0, 0, 1, 0, 0, 0, 0, 1], [-0.5, 0.866025, 0, -4.62856, -0.866025, -0.5, 0, 8.0169, 0, 0, 1, 0, 0, 0, 0, 1]]},
  "3": {"diameter": 142.15, "max_x": 52, "max_y": 41.2, "max_z": 25.5, "min_x": -52, "min_y": -41.2, "min_z": -25.5, "size_x": 104, "size_y": 82.4, "size_z": 51, "symmetries_discrete": [[1, 0, 0, 0, 0, -1, -4.63077e-14, 1.52588e-06, 0, 4.63077e-14, -1, 7.27596e-13, 0, 0, 0, 1], [-1, -3.47614e-14, 1.74419e-14, 4.58385e-13, -3.47614e-14, 1, -3.47614e-14, 0, -1.74419e-14, -3.47614e-14, -1, -9.02219e-13, 0, 0, 0, 1], [-1, -4.94164e-14, 1.74419e-14, -3.71074e-13, 4.94164e-14, -1, 1.22814e-13, 1.52588e-06, 1.74419e-14, 1.22814e-13, 1, 3.07773e-12, 0, 0, 0, 1]]},
  "4": {"diameter": 139.379, "max_x": 45.25, "max_y": 45.25, "max_z": 32.6576, "min_x": -45.25, "min_y": -45.25, "min_z": -32.6576, "size_x": 90.5, "size_y": 90.5, "size_z": 65.3153, "symmetries_discrete": [[7.3887e-15, -1, -1.04162e-13, -8.00355e-13, -1, -7.3887e-15, -4.31991e-14, -1.52795e-13, 4.31991e-14, 1.04162e-13, -1, -0.144095, 0, 0, 0, 1]]},
  "5": {"diameter": 158.583, "max_x": 59, "max_y": 59, "max_z": 1, "min_x": -59, "min_y": -59, "min_z": -1, "size_x": 118, "size_y": 118, "size_z": 2, "symmetries_discrete": [[7.3887e-15, -1, -1.04162e-13, 3.35083e-05, -1, -7.3887e-15, -4.31991e-14, 3.35083e-05, 4.31991e-14, 1.04162e-13, -1, -1.48179e-12, 0, 0, 0, 1]]},
  "6": {"diameter": 85.3086, "max_x": 15, "max_y": 20.0009, "max_z": 40.5, "min_x": -15, "min_y": -20.0009, "min_z": -40.5, "size_x": 30, "size_y": 40.0017, "size_z": 81},
  "7": {"diameter": 38.5388, "max_x": 17, "max_y": 17, "max_z": 15.75, "min_x": -17, "min_y": -17, "min_z": -15.75, "size_x": 34, "size_y": 34, "size_z": 31.5, "symmetries_continuous": [{"axis": [0.0, 0.0, 1.0], "offset": [0, 0, 0]}]},
  "8": {"diameter": 68.884, "max_x": 30.5, "max_y": 30.5, "max_z": 18, "min_x": -30.5, "min_y": -30.5, "min_z": -18, "size_x": 61, "size_y": 61, "size_z": 36, "symmetries_discrete": [[0.309017, -0.951057, 0, 0, 0.951057, 0.309017, 0, 0, 0, 0, 1, 0, 0, 0, 0, 1], [-0.809017, -0.587785, 0, 0, 0.587785, -0.809017, 0, 0, 0, 0, 1, 0, 0, 0, 0, 1], [-0.809017, 0.587785, 0, 0, -0.587785, -0.809017, 0, 0, 0, 0, 1, 0, 0, 0, 0, 1], [0.309017, 0.951057, 0, 0, -0.951057, 0.309017, 0, 0, 0, 0, 1, 0, 0, 0, 0, 1]]},
  "9": {"diameter": 94.8011, "max_x": 19, "max_y": 30, "max_z": 39, "min_x": -19, "min_y": -30, "min_z": -39, "size_x": 38, "size_y": 60, "size_z": 78, "symmetries_discrete": [[-1, -4.94164e-14, 1.22465e-16, -6.14818e-13, -4.94164e-14, 1, -4.94164e-14, 4.11092e-13, -1.22465e-16, -4.94164e-14, -1, -5.96629e-13, 0, 0, 0, 1]]},
  "10": {"diameter": 55.7152, "max_x": 7.5, "max_y": 10, "max_z": 25, "min_x": -7.5, "min_y": -10, "min_z": -25, "size_x": 15, "size_y": 20, "size_z": 50},
  "11": {"diameter": 140.121, "max_x": 66.5, "max_y": 28, "max_z": 1.5, "min_x": -66.5, "min_y": -28, "min_z": -1.5, "size_x": 133, "size_y": 56, "size_z": 3, "symmetries_discrete": [[1, 0, 0, 0, 0, -1, -4.31991e-14, -2.18279e-14, 0, 4.31991e-14, -1, 4.10182e-13, 0, 0, 0, 1], [-1, -4.94164e-14, 1.22465e-16, -5.82077e-13, -4.94164e-14, 1, -4.94164e-14, -1.39698e-12, -1.22465e-16, -4.94164e-14, -1, -5.74801e-13, 0, 0, 0, 1], [-1, -6.36272e-14, 1.22465e-16, -9.74978e-13, 6.36272e-14, -1, 1.41465e-13, 2.3756e-12, 1.22465e-16, 1.41465e-13, 1, 1.96769e-12, 0, 0, 0, 1]]},
  "12": {"diameter": 107.703, "max_x": 20, "max_y": 20, "max_z": 50, "min_x": -20, "min_y": -20, "min_z": -50, "size_x": 40, "size_y": 40, "size_z": 100, "symmetries_continuous": [{"axis": [0.0, 0.0, 1.0], "offset": [0, 0, 0]}], "symmetries_discrete": [[1, 0, 0, 0, 0, -1, -4.63077e-14, -8.72097e-13, 0, 4.63077e-14, -1, 0, 0, 0, 0, 1]]},
  "13": {"diameter": 128.059, "max_x": 58.6142, "max_y": 55.2474, "max_z": 23.5, "min_x": -58.6142, "min_y": -55.2474, "min_z": -23.5, "size_x": 117.228, "size_y": 110.495, "size_z": 47},
  "14": {"diameter": 102.883, "max_x": 50, "max_y": 50, "max_z": 23.5, "min_x": -50, "min_y": -50, "min_z": -23.5, "size_x": 100, "size_y": 100, "size_z": 47, "symmetries_discrete": [[0.939693, -0.34202, 0, 0, 0.34202, 0.939693, 0, 0, 0, 0, 1, 0, 0, 0, 0, 1], [0.766044, -0.642788, 0, 0, 0.642788, 0.766044, 0, 0, 0, 0, 1, 0, 0, 0, 0, 1], [0.5, -0.866025, 0, 0, 0.866025, 0.5, 0, 0, 0, 0, 1, 0, 0, 0, 0, 1], [0.173648, -0.984808, 0, 0, 0.984808, 0.173648, 0, 0, 0, 0, 1, 0, 0, 0, 0, 1], [-0.173648, -0.984808, 0, 0, 0.984808, -0.173648, 0, 0, 0, 0, 1, 0, 0, 0, 0, 1], [-0.5, -0.866025, 0, 0, 0.866025, -0.5, 0, 0, 0, 0, 1, 0, 0, 0, 0, 1], [-0.766044, -0.642788, 0, 0, 0.642788, -0.766044, 0, 0, 0, 0, 1, 0, 0, 0, 0, 1], [-0.939693, -0.34202, 0, 0, 0.34202, -0.939693, 0, 0, 0, 0, 1, 0, 0, 0, 0, 1], [-1, -4.63077e-14, 0, 0, 4.63077e-14, -1, 0, 0, 0, 0, 1, 0, 0, 0, 0, 1], [-0.939693, 0.34202, 0, 0, -0.34202, -0.939693, 0, 0, 0, 0, 1, 0, 0, 0, 0, 1], [-0.766044, 0.642788, 0, 0, -0.642788, -0.766044, 0, 0, 0, 0, 1, 0, 0, 0, 0, 1], [-0.5, 0.866025, 0, 0, -0.866025, -0.5, 0, 0, 0, 0, 1, 0, 0, 0, 0, 1], [-0.173648, 0.984808, 0, 0, -0.984808, -0.173648, 0, 0, 0, 0, 1, 0, 0, 0, 0, 1], [0.173648, 0.984808, 0, 0, -0.984808, 0.173648, 0, 0, 0, 0, 1, 0, 0, 0, 0, 1], [0.5, 0.866025, 0, 0, -0.866025, 0.5, 0, 0, 0, 0, 1, 0, 0, 0, 0, 1], [0.766044, 0.642788, 0, 0, -0.642788, 0.766044, 0, 0, 0, 0, 1, 0, 0, 0, 0, 1], [0.939693, 0.34202, 0, 0, -0.34202, 0.939693, 0, 0, 0, 0, 1, 0, 0, 0, 0, 1]]},
  "15": {"diameter": 114.191, "max_x": 36.5, "max_y": 41, "max_z": 44, "min_x": -36.5, "min_y": -41, "min_z": -44, "size_x": 73, "size_y": 82, "size_z": 88},
  "16": {"diameter": 193.148, "max_x": 59, "max_y": 89.6285, "max_z": 34.5, "min_x": -59, "min_y": -89.6285, "min_z": -34.5, "size_x": 118, "size_y": 179.257, "size_z": 69},
  "17": {"diameter": 77.7869, "max_x": 37.5, "max_y": 37.5, "max_z": 25, "min_x": -37.5, "min_y": -37.5, "min_z": -25, "size_x": 75, "size_y": 75, "size_z": 50,